Voter,Movie,Pick
Pedro Almodóvar,Amour,1
Pedro Almodóvar,Call Me by Your Name,2
Pedro Almodóvar,"Crouching Tiger, Hidden Dragon",3
Pedro Almodóvar,Dogtooth,4
Pedro Almodóvar,Ida,5
Pedro Almodóvar,La ciénaga,6
Pedro Almodóvar,Phantom Thread,7
Pedro Almodóvar,Roma,8
Pedro Almodóvar,Ten,9
Pedro Almodóvar,Toni Erdmann,10
Pamela Anderson,Amélie,1
Pamela Anderson,Blue Valentine,2
Pamela Anderson,Invisible Life,3
Pamela Anderson,Lost in Translation,4
Pamela Anderson,Requiem for a Dream,5
Pamela Anderson,The Grand Budapest Hotel,6
Pamela Anderson,The Lobster,7
Pamela Anderson,The Party,8
Pamela Anderson,Volver,9
Pamela Anderson,White God,10
Elizabeth Banks,Barbie,1
Elizabeth Banks,Bowling for Columbine,2
Elizabeth Banks,Inglourious Basterds,3
Elizabeth Banks,Moonlight,4
Elizabeth Banks,Mustang,5
Elizabeth Banks,No Country for Old Men,6
Elizabeth Banks,Parasite,7
Elizabeth Banks,Something's Gotta Give,8
Elizabeth Banks,The Departed,9
Elizabeth Banks,Toy Story 3,10
Mike Birbiglia,Children of Men,1
Mike Birbiglia,Frances Ha,2
Mike Birbiglia,Hot Fuzz,3
Mike Birbiglia,Idiocracy,4
Mike Birbiglia,Me and You and Everyone We Know,5
Mike Birbiglia,Sideways,6
Mike Birbiglia,Spotlight,7
Mike Birbiglia,Superbad,8
Mike Birbiglia,The Squid and the Whale,9
Mike Birbiglia,Up,10
Jason Blum,Boyhood,1
Jason Blum,Get Out,2
Jason Blum,Moneyball,3
Jason Blum,Moulin Rouge!,4
Jason Blum,Silver Linings Playbook,5
Jason Blum,Spotlight,6
Jason Blum,The Big Short,7
Jason Blum,The Wolf of Wall Street,8
Jason Blum,There Will Be Blood,9
Jason Blum,Whiplash,10
Bong Joon Ho,Asako I & II,1
Bong Joon Ho,Happy as Lazzaro,2
Bong Joon Ho,Mad Max: Fury Road,3
Bong Joon Ho,No Country for Old Men,4
Bong Joon Ho,Stranger by the Lake,5
Bong Joon Ho,The Day He Arrives,6
Bong Joon Ho,The Social Network,7
Bong Joon Ho,War of the Worlds,8
Bong Joon Ho,Zodiac,9
Danielle Brooks,Django Unchained,1
Danielle Brooks,Get Out,2
Danielle Brooks,Inglourious Basterds,3
Danielle Brooks,John Q,4
Danielle Brooks,Moonlight,5
Danielle Brooks,Parasite,6
Danielle Brooks,Sinners,7
Danielle Brooks,"Summer of Soul (...Or, When the Revolution Could Not Be Televised)",8
Danielle Brooks,Whiplash,9
Mel Brooks,A Beautiful Mind,1
Mel Brooks,Bottle Shock,2
Mel Brooks,Hidden Figures,3
Mel Brooks,Inglourious Basterds,4
Mel Brooks,Jojo Rabbit,5
Mel Brooks,Midnight in Paris,6
Mel Brooks,The Bourne Identity,7
Mel Brooks,The Grand Budapest Hotel,8
Mel Brooks,The King's Speech,9
Mel Brooks,The Pianist,10
Toni Collette,City of God,1
Toni Collette,Cold War,2
Toni Collette,Eternal Sunshine of the Spotless Mind,3
Toni Collette,Lady Bird,4
Toni Collette,Melancholia,5
Toni Collette,Parasite,6
Toni Collette,Roma,7
Toni Collette,Sing Sing,8
Toni Collette,The Great Beauty,9
Toni Collette,The Intouchables,10
Sofia Coppola,Aftersun,1
Sofia Coppola,American Psycho,2
Sofia Coppola,Force Majeure,3
Sofia Coppola,Get Out,4
Sofia Coppola,In the Mood for Love,5
Sofia Coppola,Parasite,6
Sofia Coppola,Spirited Away,7
Sofia Coppola,The Incredibles,8
Sofia Coppola,The White Ribbon,9
Sofia Coppola,The Zone of Interest,10
Brian Cox,American Utopia,1
Brian Cox,Eternal Sunshine of the Spotless Mind,2
Brian Cox,Leviathan,3
Brian Cox,Million Dollar Baby,4
Brian Cox,Mulholland Drive,5
Brian Cox,No Country for Old Men,6
Brian Cox,The Grand Budapest Hotel,7
Brian Cox,The Lives of Others,8
Brian Cox,The Shape of Water,9
Brian Cox,The White Ribbon,10
Lena Dunham,Fish Tank,1
Lena Dunham,Funny People,2
Lena Dunham,Let the Right One In,3
Lena Dunham,Mulholland Drive,4
Lena Dunham,Mustang,5
Lena Dunham,Portrait of a Lady on Fire,6
Lena Dunham,Shame,7
Lena Dunham,The Broken Circle Breakdown,8
Lena Dunham,The Souvenir,9
Lena Dunham,The Worst Person in the World,10
Ava DuVernay,Bal,1
Ava DuVernay,Brokeback Mountain,2
Ava DuVernay,Children of Men,3
Ava DuVernay,In the Mood for Love,4
Ava DuVernay,Lumumba,5
Ava DuVernay,Shoplifters,6
Ava DuVernay,Teza,7
Ava DuVernay,The Turin Horse,8
Ava DuVernay,Time,9
Ava DuVernay,Zero Dark Thirty,10
Robert Eggers,Beau travail,1
Robert Eggers,Burning,2
Robert Eggers,Eternal Sunshine of the Spotless Mind,3
Robert Eggers,Hard to Be a God,4
Robert Eggers,Mr. Turner,5
Robert Eggers,Mulholland Drive,6
Robert Eggers,Son of Saul,7
Robert Eggers,The Piano Teacher,8
Robert Eggers,The Turin Horse,9
Robert Eggers,There Will Be Blood,10
Alden Ehrenreich,A Separation,1
Alden Ehrenreich,A Serious Man,2
Alden Ehrenreich,Boyhood,3
Alden Ehrenreich,Gett: The Trial of Viviane Amsalem,4
Alden Ehrenreich,Krisha,5
Alden Ehrenreich,Moonlight,6
Alden Ehrenreich,The Royal Tenenbaums,7
Alden Ehrenreich,The Worst Person in the World,8
Alden Ehrenreich,WALL·E,9
Alden Ehrenreich,You Can Count on Me,10
Chiwetel Ejiofor,12 Years a Slave,1
Chiwetel Ejiofor,Citizenfour,2
Chiwetel Ejiofor,City of God,3
Chiwetel Ejiofor,I Am Not Your Negro,4
Chiwetel Ejiofor,Man on Wire,5
Chiwetel Ejiofor,Searching for Sugar Man,6
Chiwetel Ejiofor,The Act of Killing,7
Chiwetel Ejiofor,The Diving Bell and the Butterfly,8
Chiwetel Ejiofor,Under The Skin,9
Chiwetel Ejiofor,Waltz with Bashir,10
Brett Goldstein,45 Years,1
Brett Goldstein,Bridesmaids,2
Brett Goldstein,If Beale Street Could Talk,3
Brett Goldstein,Inside Out,4
Brett Goldstein,Never Rarely Sometimes Always,5
Brett Goldstein,Pan's Labyrinth,6
Brett Goldstein,Sexy Beast,7
Brett Goldstein,Shoplifters,8
Brett Goldstein,The Florida Project,9
Brett Goldstein,The Virgin Suicides,10
Luca Guadagnino,A History of Violence,1
Luca Guadagnino,Fat Girl,2
Luca Guadagnino,Ghosts of Mars,3
Luca Guadagnino,In the Mood for Love,4
Luca Guadagnino,Little Girl,5
Luca Guadagnino,Me and You,6
Luca Guadagnino,Millennium Mambo,7
Luca Guadagnino,Redacted,8
Luca Guadagnino,Sex Is Comedy,9
Luca Guadagnino,Teza,10
Bryce Dallas Howard,Amélie,1
Bryce Dallas Howard,Children of Men,2
Bryce Dallas Howard,Eternal Sunshine of the Spotless Mind,3
Bryce Dallas Howard,Get Out,4
Bryce Dallas Howard,Her,5
Bryce Dallas Howard,Inside Out,6
Bryce Dallas Howard,Portrait of a Lady on Fire,7
Bryce Dallas Howard,Spirited Away,8
Bryce Dallas Howard,The Florida Project,9
Bryce Dallas Howard,The Grand Budapest Hotel,10
Barry Jenkins,Caché,1
Barry Jenkins,Elephant,2
Barry Jenkins,Nickel Boys,3
Barry Jenkins,Once Upon a Time in Anatolia,4
Barry Jenkins,Punch-Drunk Love,5
Barry Jenkins,Saint Omer,6
Barry Jenkins,"Synecdoche, New York",7
Barry Jenkins,The Holy Girl,8
Barry Jenkins,Vortex,9
Barry Jenkins,Zodiac,10
Stephen King,Black Hawk Down,1
Stephen King,Brokeback Mountain,2
Stephen King,Children of Men,3
Stephen King,Million Dollar Baby,4
Stephen King,No Country for Old Men,5
Stephen King,"O Brother, Where Art Thou?",6
Stephen King,Oppenheimer,7
Stephen King,The Departed,8
Stephen King,The Rule of Jenny Pen,9
Stephen King,Train to Busan,10
David Krumholtz,Anchorman: The Legend of Ron Burgundy,1
David Krumholtz,City of God,2
David Krumholtz,Harry Potter and the Prisoner of Azkaban,3
David Krumholtz,Inglourious Basterds,4
David Krumholtz,Munich,5
David Krumholtz,Oppenheimer,6
David Krumholtz,Phantom Thread,7
David Krumholtz,The Lord of the Rings: The Two Towers,8
David Krumholtz,The Tree of Life,9
David Krumholtz,WALL·E,10
Nathan Lane,Bridesmaids,1
Nathan Lane,Inglourious Basterds,2
Nathan Lane,Lincoln,3
Nathan Lane,Manchester by the Sea,4
Nathan Lane,Margaret,5
Nathan Lane,Parasite,6
Nathan Lane,The Grand Budapest Hotel,7
Nathan Lane,The Royal Tenenbaums,8
Nathan Lane,The Social Network,9
Nathan Lane,WALL·E,10
John Lithgow,A Prophet,1
John Lithgow,Dawson City: Frozen Time,2
John Lithgow,Moonlight,3
John Lithgow,Mulholland Drive,4
John Lithgow,Parasite,5
John Lithgow,Roma,6
John Lithgow,Silver Linings Playbook,7
John Lithgow,The Wolf of Wall Street,8
John Lithgow,There Will Be Blood,9
John Lithgow,Totem,10
Simu Liu,Eternal Sunshine of the Spotless Mind,1
Simu Liu,Get Out,2
Simu Liu,Hero,3
Simu Liu,Inside Out,4
Simu Liu,Interstellar,5
Simu Liu,La La Land,6
Simu Liu,Past Lives,7
Simu Liu,The Lord of the Rings: The Two Towers,8
Simu Liu,The Social Network,9
Simu Liu,Tropic Thunder,10
Mikey Madison,Almost Famous,1
Mikey Madison,Before Sunset,2
Mikey Madison,Blue Is the Warmest Colour,3
Mikey Madison,Captain Volkonogov Escaped,4
Mikey Madison,Mad Max: Fury Road,5
Mikey Madison,Portrait of a Lady on Fire,6
Mikey Madison,Tangerine,7
Mikey Madison,The Florida Project,8
Mikey Madison,The Girl with the Needle,9
Mikey Madison,Vicky Cristina Barcelona,10
Charles Melton,A Knight's Tale,1
Charles Melton,Another Round,2
Charles Melton,Brokeback Mountain,3
Charles Melton,Broker,4
Charles Melton,I Saw the Devil,5
Charles Melton,Memories of Murder,6
Charles Melton,Oldboy,7
Charles Melton,"Oslo, August 31st",8
Charles Melton,The Social Network,9
Charles Melton,There Will Be Blood,10
Stephen Merchant,Aftersun,1
Stephen Merchant,City of God,2
Stephen Merchant,Collateral,3
Stephen Merchant,Eternal Sunshine of the Spotless Mind,4
Stephen Merchant,Girlhood,5
Stephen Merchant,In the Mood for Love,6
Stephen Merchant,Memories of Murder,7
Stephen Merchant,Mulholland Drive,8
Stephen Merchant,Team America: World Police,9
Stephen Merchant,The Wolf of Wall Street,10
Julianne Moore,Amour,1
Julianne Moore,Black Swan,2
Julianne Moore,Dogtooth,3
Julianne Moore,Ex Machina,4
Julianne Moore,Good Time,5
Julianne Moore,Lost in Translation,6
Julianne Moore,Parasite,7
Julianne Moore,Phantom Thread,8
Julianne Moore,Superbad,9
Julianne Moore,The 40-Year-Old Virgin,10
James Murphy,24 Hour Party People,1
James Murphy,Get Out,2
James Murphy,Her,3
James Murphy,Mulholland Drive,4
James Murphy,Parasite,5
James Murphy,Step Brothers,6
James Murphy,The Hunt,7
James Murphy,The Lord of the Rings: The Two Towers,8
James Murphy,The Royal Tenenbaums,9
James Murphy,The Squid and the Whale,10
Julianne Nicholson,13th,1
Julianne Nicholson,Another Round,2
Julianne Nicholson,Best in Show,3
Julianne Nicholson,Close,4
Julianne Nicholson,Fantastic Mr. Fox,5
Julianne Nicholson,Fish Tank,6
Julianne Nicholson,Happy as Lazzaro,7
Julianne Nicholson,Head-On,8
Julianne Nicholson,The Great Beauty,9
Julianne Nicholson,Under the Skin,10
Patton Oswalt,A Serious Man,1
Patton Oswalt,Apocalypto,2
Patton Oswalt,Borat,3
Patton Oswalt,Children of Men,4
Patton Oswalt,City of God,5
Patton Oswalt,Coherence,6
Patton Oswalt,Luzzu,7
Patton Oswalt,Pig,8
Patton Oswalt,Playground,9
Patton Oswalt,The Nice Guys,10
Amy Pascal,Borat,1
Amy Pascal,Brokeback Mountain,2
Amy Pascal,"Crouching Tiger, Hidden Dragon",3
Amy Pascal,Get Out,4
Amy Pascal,Inglourious Basterds,5
Amy Pascal,Lady Bird,6
Amy Pascal,Parasite,7
Amy Pascal,Spider-Man: Into the Spider-Verse,8
Amy Pascal,The Dark Knight,9
Amy Pascal,The Social Network,10
Paula Poundstone,Bridesmaids,1
Paula Poundstone,Inside Out,2
Paula Poundstone,Jojo Rabbit,3
Paula Poundstone,Little Miss Sunshine,4
Paula Poundstone,Parasite,5
Paula Poundstone,The Dark Knight,6
Paula Poundstone,The Grand Budapest Hotel,7
Paula Poundstone,Toy Story 3,8
Paula Poundstone,Up,9
Paula Poundstone,WALL·E,10
Molly Ringwald,Brokeback Mountain,1
Molly Ringwald,Call Me by Your Name,2
Molly Ringwald,Eighth Grade,3
Molly Ringwald,Get Out,4
Molly Ringwald,In the Mood for Love,5
Molly Ringwald,La La Land,6
Molly Ringwald,Lost in Translation,7
Molly Ringwald,Parasite,8
Molly Ringwald,Spirited Away,9
Molly Ringwald,The Zone of Interest,10
Benny Safdie,A Prophet,1
Benny Safdie,American Gangster,2
Benny Safdie,Dunkirk,3
Benny Safdie,Mulholland Drive,4
Benny Safdie,"O Brother, Where Art Thou?",5
Benny Safdie,Punch-Drunk Love,6
Benny Safdie,Senna,7
Benny Safdie,Team America: World Police,8
Benny Safdie,The Royal Tenenbaums,9
Benny Safdie,The Wolf of Wall Street,10
Josh Safdie,A Serious Man,1
Josh Safdie,Behind the Candelabra,2
Josh Safdie,Frownland,3
Josh Safdie,Little Otik,4
Josh Safdie,Memories of Murder,5
Josh Safdie,Mulholland Drive,6
Josh Safdie,Snow on tha Bluff,7
Josh Safdie,The Departed,8
Josh Safdie,There Will Be Blood,9
Josh Safdie,Unfaithful,10
Curtis Sittenfeld,Barbie,1
Curtis Sittenfeld,Booksmart,2
Curtis Sittenfeld,Brokeback Mountain,3
Curtis Sittenfeld,Eternal Sunshine of the Spotless Mind,4
Curtis Sittenfeld,Ex Machina,5
Curtis Sittenfeld,Frozen,6
Curtis Sittenfeld,Interstellar,7
Curtis Sittenfeld,Palm Springs,8
Curtis Sittenfeld,Past Lives,9
Curtis Sittenfeld,The Big Sick,10
Celine Song,Children of Men,1
Celine Song,Computer Chess,2
Celine Song,Dogtooth,3
Celine Song,Dogville,4
Celine Song,I'm Not There,5
Celine Song,Incendies,6
Celine Song,Mad Max: Fury Road,7
Celine Song,Queer,8
Celine Song,"Synecdoche, New York",9
Celine Song,The Act of Killing,10
Nicholas Sparks,Avatar,1
Nicholas Sparks,Bohemian Rhapsody,2
Nicholas Sparks,Gladiator,3
Nicholas Sparks,Hereditary,4
Nicholas Sparks,Inception,5
Nicholas Sparks,Mad Max: Fury Road,6
Nicholas Sparks,Madagascar 3: Europe's Most Wanted,7
Nicholas Sparks,The Dark Knight,8
Nicholas Sparks,Top Gun: Maverick,9
Nicholas Sparks,Toy Story 3,10
Tramell Tillman,Anatomy of a Fall,1
Tramell Tillman,Best in Show,2
Tramell Tillman,Booksmart,3
Tramell Tillman,Chicago,4
Tramell Tillman,Dreamgirls,5
Tramell Tillman,If Beale Street Could Talk,6
Tramell Tillman,Inside Out,7
Tramell Tillman,Moonlight,8
Tramell Tillman,Parasite,9
Tramell Tillman,Whiplash,10
John Turturro,A Separation,1
John Turturro,Another Round,2
John Turturro,Boyhood,3
John Turturro,Decision to Leave,4
John Turturro,Oldboy,5
John Turturro,Parasite,6
John Turturro,Perfect Days,7
John Turturro,Spirited Away,8
John Turturro,Talk to Her,9
John Turturro,Toni Erdmann,10
John Waters,Annette,1
John Waters,Butt Boy,2
John Waters,Dancer in the Dark,3
John Waters,Domain,4
John Waters,Irréversible,5
John Waters,Jeannette: The Childhood of Joan of Arc,6
John Waters,Krisha,7
John Waters,Palindromes,8
John Waters,Porn Theatre,9
John Waters,United 93,10
Matthew Weiner,Anora,1
Matthew Weiner,In the Mood for Love,2
Matthew Weiner,Mulholland Drive,3
Matthew Weiner,Portrait of a Lady on Fire,4
Matthew Weiner,Spirited Away,5
Matthew Weiner,"Synecdoche, New York",6
Matthew Weiner,The Act of Killing,7
Matthew Weiner,The Lives of Others,8
Matthew Weiner,The Zone of Interest,9
Matthew Weiner,Tár,10
Edgar Wright,Gravity,1
Edgar Wright,Hero,2
Edgar Wright,Mad Max: Fury Road,3
Edgar Wright,Memories of Murder,4
Edgar Wright,Mulholland Drive,5
Edgar Wright,No Country for Old Men,6
Edgar Wright,Oldboy,7
Edgar Wright,Once Upon a Time... in Hollywood,8
Edgar Wright,Songs from the Second Floor,9
Edgar Wright,The Worst Person in the World,10
Rachel Zegler,Birdman or (The Unexpected Virtue of Ignorance),1
Rachel Zegler,Eternal Sunshine of the Spotless Mind,2
Rachel Zegler,Finding Nemo,3
Rachel Zegler,Inside Llewyn Davis,4
Rachel Zegler,Invisible Life,5
Rachel Zegler,Lincoln,6
Rachel Zegler,Moonlight,7
Rachel Zegler,No Other Land,8
Rachel Zegler,Scott Pilgrim vs. the World,9
Rachel Zegler,West Side Story,10
Naomi Ackie,Blue Jasmine,1
Naomi Ackie,Django Unchained,2
Naomi Ackie,Eternal Sunshine of the Spotless Mind,3
Naomi Ackie,Her,4
Naomi Ackie,Moonlight,5
Naomi Ackie,Moonrise Kingdom,6
Naomi Ackie,Parasite,7
Naomi Ackie,Talk to Me,8
Naomi Ackie,The Dark Knight,9
Naomi Ackie,Triangle of Sadness,10
Uzo Aduba,Anatomy of a Fall,1
Uzo Aduba,Black Panther,2
Uzo Aduba,Dreamgirls,3
Uzo Aduba,Gosford Park,4
Uzo Aduba,Inception,5
Uzo Aduba,Memento,6
Uzo Aduba,Moonlight,7
Uzo Aduba,Spotlight,8
Uzo Aduba,The Departed,9
Uzo Aduba,Traffic,10
Casey Affleck,Apocalypto,1
Casey Affleck,City of God,2
Casey Affleck,Inside Llewyn Davis,3
Casey Affleck,Moneyball,4
Casey Affleck,No Country for Old Men,5
Casey Affleck,Ratatouille,6
Casey Affleck,Son of Saul,7
Casey Affleck,The Assassination of Jesse James by the Coward Robert Ford,8
Casey Affleck,The Lord of the Rings: The Return of the King,9
Casey Affleck,The Social Network,10
Ramin Bahrani,"4 Months, 3 Weeks and 2 Days",1
Ramin Bahrani,Crimson Gold,2
Ramin Bahrani,Grizzly Man,3
Ramin Bahrani,In the Mood for Love,4
Ramin Bahrani,Mulholland Drive,5
Ramin Bahrani,Secret Sunshine,6
Ramin Bahrani,Silent Light,7
Ramin Bahrani,The Gleaners &amp; I,8
Ramin Bahrani,The Tree of Life,9
Ramin Bahrani,Yi Yi,10
Sean Baker,"4 Months, 3 Weeks and 2 Days",1
Sean Baker,Dogville,2
Sean Baker,Import Export,3
Sean Baker,Morvern Callar,4
Sean Baker,Oasis,5
Sean Baker,Oldboy,6
Sean Baker,P'tit Quinquin,7
Sean Baker,Paradise: Faith,8
Sean Baker,Together,9
Sean Baker,Triangle of Sadness,10
Michael Barker,A Prophet,1
Michael Barker,Afsaid,2
Michael Barker,Bad Education,3
Michael Barker,"Crouching Tiger, Hidden Dragon",4
Michael Barker,I'm Still Here,5
Michael Barker,Locke,6
Michael Barker,Mystic River,7
Michael Barker,Punch-Drunk Love,8
Michael Barker,The Lives of Others,9
Michael Barker,Toni Erdmann,10
Judy Becker,A Fantastic Woman,1
Judy Becker,City of God,2
Judy Becker,I'm Not There,3
Judy Becker,Joker,4
Judy Becker,Let the Right One In,5
Judy Becker,The Brutalist,6
Judy Becker,The Nightingale,7
Judy Becker,The Tribe,8
Judy Becker,The Zone of Interest,9
Judy Becker,Under the Skin,10
Kate Berlant,Adaptation.,1
Kate Berlant,Borat,2
Kate Berlant,Brokeback Mountain,3
Kate Berlant,Fish Tank,4
Kate Berlant,Ghost World,5
Kate Berlant,Grizzly Man,6
Kate Berlant,Krisha,7
Kate Berlant,The Act of Killing,8
Kate Berlant,The Zone of Interest,9
Kate Berlant,There Will Be Blood,10
Tom Bernard,An Education,1
Tom Bernard,Bad Education,2
Tom Bernard,Blue Jasmine,3
Tom Bernard,Capote,4
Tom Bernard,"Crouching Tiger, Hidden Dragon",5
Tom Bernard,Moneyball,6
Tom Bernard,Rachel Getting Married,7
Tom Bernard,Searching for Sugar Man,8
Tom Bernard,The White Ribbon,9
Tom Bernard,Whiplash,10
Joel Kim Booster,Before Sunset,1
Joel Kim Booster,Bridesmaids,2
Joel Kim Booster,Children of Men,3
Joel Kim Booster,Everything Everywhere All at Once,4
Joel Kim Booster,Logan,5
Joel Kim Booster,Ocean's Eleven,6
Joel Kim Booster,Parasite,7
Joel Kim Booster,Rachel Getting Married,8
Joel Kim Booster,The Dark Knight,9
Joel Kim Booster,The Devil Wears Prada,10
Daniel Brühl,A Chiara,1
Daniel Brühl,A Prophet,2
Daniel Brühl,Another Round,3
Daniel Brühl,Boyhood,4
Daniel Brühl,Force Majeure,5
Daniel Brühl,In the Mood for Love,6
Daniel Brühl,No Country for Old Men,7
Daniel Brühl,Talk to Her,8
Daniel Brühl,The White Ribbon,9
Daniel Brühl,The Zone of Interest,10
Carter Burwell,Aftersun,1
Carter Burwell,Amour,2
Carter Burwell,Eternal Sunshine of the Spotless Mind,3
Carter Burwell,Moon,4
Carter Burwell,Moonlight,5
Carter Burwell,Mulholland Drive,6
Carter Burwell,Paprika,7
Carter Burwell,Spirited Away,8
Carter Burwell,Team America: World Police,9
Carter Burwell,The Lives of Others,10
Nuri Bilge Ceylan,About Endlessness,1
Nuri Bilge Ceylan,No Country for Old Men,2
Nuri Bilge Ceylan,"Oslo, August 31st",3
Nuri Bilge Ceylan,Outside Satan,4
Nuri Bilge Ceylan,Silent Light,5
Nuri Bilge Ceylan,The Death of Mr. Lazarescu,6
Nuri Bilge Ceylan,The Turin Horse,7
Nuri Bilge Ceylan,Uncle Boonmee Who Can Recall His Past Lives,8
Nuri Bilge Ceylan,Unknown Pleasures,9
Nuri Bilge Ceylan,Zama,10
Jemaine Clement,A Girl Walks Home Alone at Night,1
Jemaine Clement,Hunt for the Wilderpeople,2
Jemaine Clement,Inglourious Basterds,3
Jemaine Clement,Let the Right One In,4
Jemaine Clement,Mirai,5
Jemaine Clement,Pan's Labyrinth,6
Jemaine Clement,Spirited Away,7
Jemaine Clement,The Boy and the Beast,8
Jemaine Clement,The Boy and the Heron,9
Jemaine Clement,The Royal Tenenbaums,10
Gia Coppola,Behind the Candelabra,1
Gia Coppola,"Bloody Nose, Empty Pockets",2
Gia Coppola,Fish Tank,3
Gia Coppola,Frances Ha,4
Gia Coppola,Pineapple Express,5
Gia Coppola,Senna,6
Gia Coppola,Spirited Away,7
Gia Coppola,Tangerine,8
Gia Coppola,The Social Network,9
Gia Coppola,The Virgin Suicides,10
Julie Dash,Amores Perros,1
Julie Dash,Capernaum,2
Julie Dash,Carlos,3
Julie Dash,City of God,4
Julie Dash,"Crouching Tiger, Hidden Dragon",5
Julie Dash,In the Mood for Love,6
Julie Dash,Nickel Boys,7
Julie Dash,The Lives of Others,8
Julie Dash,The Royal Tenenbaums,9
Julie Dash,The Woman King,10
Sean Evans,Django Unchained,1
Sean Evans,Gangs of New York,2
Sean Evans,Gladiator,3
Sean Evans,Hereditary,4
Sean Evans,Mad Max: Fury Road,5
Sean Evans,No Country for Old Men,6
Sean Evans,Superbad,7
Sean Evans,Team America: World Police,8
Sean Evans,The Dark Knight,9
Sean Evans,The Wolf of Wall Street,10
Jomo Fray,Dune: Part One,1
Jomo Fray,Force Majeure,2
Jomo Fray,"Hale County This Morning, This Evening",3
Jomo Fray,Holy Motors,4
Jomo Fray,Hunger,5
Jomo Fray,In the Mood for Love,6
Jomo Fray,Mad Max: Fury Road,7
Jomo Fray,The Tree of Life,8
Jomo Fray,The Zone of Interest,9
Jomo Fray,You Were Never Really Here,10
Cary Joji Fukunaga,City of God,1
Cary Joji Fukunaga,Let the Right One In,2
Cary Joji Fukunaga,Master and Commander: The Far Side of the World,3
Cary Joji Fukunaga,Memories of Murder,4
Cary Joji Fukunaga,No Country for Old Men,5
Cary Joji Fukunaga,Nobody Knows,6
Cary Joji Fukunaga,Sexy Beast,7
Cary Joji Fukunaga,Sicario,8
Cary Joji Fukunaga,The Master,9
Cary Joji Fukunaga,Y tu mamá también,10
Ziwe Fumudoh,Children of Men,1
Ziwe Fumudoh,Get Out,2
Ziwe Fumudoh,I Am Not Your Negro,3
Ziwe Fumudoh,Incredibles 2,4
Ziwe Fumudoh,Mad Max: Fury Road,5
Ziwe Fumudoh,Paddington 2,6
Ziwe Fumudoh,Parasite,7
Ziwe Fumudoh,Shrek 2,8
Ziwe Fumudoh,The Zone of Interest,9
Ziwe Fumudoh,Train to Busan,10
Richard Gadd,City of God,1
Richard Gadd,Dead Man's Shoes,2
Richard Gadd,Man on Wire,3
Richard Gadd,Memories of Murder,4
Richard Gadd,No Country for Old Men,5
Richard Gadd,O.J.: Made in America,6
Richard Gadd,Oldboy,7
Richard Gadd,Requiem for a Dream,8
Richard Gadd,The Wolf of Wall Street,9
Richard Gadd,There Will Be Blood,10
Reinaldo Marcus Green,A Separation,1
Reinaldo Marcus Green,Amores Perros,2
Reinaldo Marcus Green,Eternal Sunshine of the Spotless Mind,3
Reinaldo Marcus Green,Her,4
Reinaldo Marcus Green,Moneyball,5
Reinaldo Marcus Green,Moonlight,6
Reinaldo Marcus Green,Parasite,7
Reinaldo Marcus Green,Spirited Away,8
Reinaldo Marcus Green,The Social Network,9
Reinaldo Marcus Green,There Will Be Blood,10
Tony Hale,Best in Show,1
Tony Hale,Birdman or (The Unexpected Virtue of Ignorance),2
Tony Hale,Bridesmaids,3
Tony Hale,Get Out,4
Tony Hale,Her,5
Tony Hale,Inside Out,6
Tony Hale,Lars and the Real Girl,7
Tony Hale,Punch-Drunk Love,8
Tony Hale,The Grand Budapest Hotel,9
Tony Hale,The Lord of the Rings: The Fellowship of the Ring,10
William Jackson Harper,Birdman or (The Unexpected Virtue of Ignorance),1
William Jackson Harper,City of God,2
William Jackson Harper,District 9,3
William Jackson Harper,Fruitvale Station,4
William Jackson Harper,Minari,5
William Jackson Harper,O.J.: Made in America,6
William Jackson Harper,The Favourite,7
William Jackson Harper,The Forty-Year-Old Version,8
William Jackson Harper,This Is England,9
William Jackson Harper,Uncut Gems,10
Naomie Harris,Anora,1
Naomie Harris,Behind the Candelabra,2
Naomie Harris,Call Me by Your Name,3
Naomie Harris,Emilia Pérez,4
Naomie Harris,Get Out,5
Naomie Harris,Moonlight,6
Naomie Harris,Parasite,7
Naomie Harris,Past Lives,8
Naomie Harris,The Favourite,9
Naomie Harris,The Zone of Interest,10
Sally Hawkins,Another Year,1
Sally Hawkins,Close,2
Sally Hawkins,Eternal Sunshine of the Spotless Mind,3
Sally Hawkins,Ida,4
Sally Hawkins,Punch-Drunk Love,5
Sally Hawkins,Spirited Away,6
Sally Hawkins,"Synecdoche, New York",7
Sally Hawkins,The White Ribbon,8
Sally Hawkins,Uncle Boonmee Who Can Recall His Past Lives,9
Sally Hawkins,Unrelated,10
Amy Heckerling,Booksmart,1
Amy Heckerling,Borat,2
Amy Heckerling,Killers of the Flower Moon,3
Amy Heckerling,No Country for Old Men,4
Amy Heckerling,Once Upon a Time... in Hollywood,5
Amy Heckerling,Punch-Drunk Love,6
Amy Heckerling,Requiem for a Dream,7
Amy Heckerling,Team America: World Police,8
Amy Heckerling,The Wolf of Wall Street,9
Amy Heckerling,Tiny Furniture,10
Eugene Hernandez,Citizenfour,1
Eugene Hernandez,La danse,2
Eugene Hernandez,Moonlight,3
Eugene Hernandez,Roma,4
Eugene Hernandez,Talk to Her,5
Eugene Hernandez,The Gleaners &amp; I,6
Eugene Hernandez,The Turin Horse,7
Eugene Hernandez,The Wonders,8
Eugene Hernandez,There Will Be Blood,9
Eugene Hernandez,Y tu mamá también,10
Joe Hill,Brokeback Mountain,1
Joe Hill,Gone Baby Gone,2
Joe Hill,Iron Man,3
Joe Hill,Let the Right One In,4
Joe Hill,Little Women,5
Joe Hill,Moonrise Kingdom,6
Joe Hill,Silence,7
Joe Hill,The Devil's Backbone,8
Joe Hill,The Social Network,9
Joe Hill,Zodiac,10
Joanna Hogg,Annette,1
Joanna Hogg,Beau travail,2
Joanna Hogg,Killers of the Flower Moon,3
Joanna Hogg,Le Quattro Volte,4
Joanna Hogg,Margaret,5
Joanna Hogg,Mulholland Drive,6
Joanna Hogg,"Synecdoche, New York",7
Joanna Hogg,There Will Be Blood,8
Joanna Hogg,What Time Is It There?,9
Joanna Hogg,Yi Yi,10
Cord Jefferson,American Honey,1
Cord Jefferson,Amélie,2
Cord Jefferson,Before the Devil Knows You're Dead,3
Cord Jefferson,Burning,4
Cord Jefferson,First Reformed,5
Cord Jefferson,Get Out,6
Cord Jefferson,Hell or High Water,7
Cord Jefferson,Mad Max: Fury Road,8
Cord Jefferson,The Social Network,9
Cord Jefferson,There Will Be Blood,10
Dave Karger,All of Us Strangers,1
Dave Karger,Anatomy of a Fall,2
Dave Karger,Brooklyn,3
Dave Karger,Lion,4
Dave Karger,Lost in Translation,5
Dave Karger,Michael Clayton,6
Dave Karger,Portrait of a Lady on Fire,7
Dave Karger,Roma,8
Dave Karger,Sound of Metal,9
Dave Karger,Vera Drake,10
Darius Khondji,Birdman or (The Unexpected Virtue of Ignorance),1
Darius Khondji,Mulholland Drive,2
Darius Khondji,No Country for Old Men,3
Darius Khondji,Oppenheimer,4
Darius Khondji,Parasite,5
Darius Khondji,The Zone of Interest,6
Darius Khondji,There Will Be Blood,7
Darius Khondji,Toni Erdmann,8
Darius Khondji,Uncut Gems,9
Darius Khondji,Zodiac,10
Vicky Krieps,25th Hour,1
Vicky Krieps,Aftersun,2
Vicky Krieps,Amour,3
Vicky Krieps,Birdman or (The Unexpected Virtue of Ignorance),4
Vicky Krieps,Drive My Car,5
Vicky Krieps,My Life Without Me,6
Vicky Krieps,Only Lovers Left Alive,7
Vicky Krieps,Phantom Thread,8
Vicky Krieps,Son of Saul,9
Vicky Krieps,Songs from the Second Floor,10
Karyn Kusama,A Prophet,1
Karyn Kusama,Arrival,2
Karyn Kusama,I Am Love,3
Karyn Kusama,La Chimera,4
Karyn Kusama,Mandy,5
Karyn Kusama,Moneyball,6
Karyn Kusama,The Master,7
Karyn Kusama,The Social Network,8
Karyn Kusama,Together,9
Karyn Kusama,Under the Skin,10
Kevin Kwan,35 Shots of Rum,1
Kevin Kwan,Beau travail,2
Kevin Kwan,Donnie Darko,3
Kevin Kwan,In the Mood for Love,4
Kevin Kwan,Mulholland Drive,5
Kevin Kwan,Silent Light,6
Kevin Kwan,The Taste of Things,7
Kevin Kwan,There's Still Tomorrow,8
Kevin Kwan,Uncle Boonmee Who Can Recall His Past Lives,9
Kevin Kwan,Y tu mamá también,10
Lee Chang-dong,Boyhood,1
Lee Chang-dong,Caché,2
Lee Chang-dong,In the Mood for Love,3
Lee Chang-dong,Inside Llewyn Davis,4
Lee Chang-dong,Russian Ark,5
Lee Chang-dong,The Death of Mr. Lazarescu,6
Lee Chang-dong,The Master,7
Lee Chang-dong,The Son,8
Lee Chang-dong,The Turin Horse,9
Lee Chang-dong,Yi Yi,10
Malcolm D. Lee,12 Years a Slave,1
Malcolm D. Lee,Bowling for Columbine,2
Malcolm D. Lee,Children of Men,3
Malcolm D. Lee,City of God,4
Malcolm D. Lee,"Crouching Tiger, Hidden Dragon",5
Malcolm D. Lee,Get Out,6
Malcolm D. Lee,Her,7
Malcolm D. Lee,Moonlight,8
Malcolm D. Lee,Star Wars: Episode VII - The Force Awakens,9
Malcolm D. Lee,Zero Dark Thirty,10
Min Jin Lee,American Fiction,1
Min Jin Lee,Arrival,2
Min Jin Lee,BlacKkKlansman,3
Min Jin Lee,Boyhood,4
Min Jin Lee,Minari,5
Min Jin Lee,Nomadland,6
Min Jin Lee,Paddington 2,7
Min Jin Lee,Parasite,8
Min Jin Lee,The Hurt Locker,9
Min Jin Lee,The Lunchbox,10
Dennis Lehane,Children of Men,1
Dennis Lehane,Eternal Sunshine of the Spotless Mind,2
Dennis Lehane,In the Mood for Love,3
Dennis Lehane,Inside Out,4
Dennis Lehane,Mad Max: Fury Road,5
Dennis Lehane,Pan's Labyrinth,6
Dennis Lehane,Parasite,7
Dennis Lehane,The Grand Budapest Hotel,8
Dennis Lehane,The Hurt Locker,9
Dennis Lehane,There Will Be Blood,10
Dolly de Leon,28 Days Later,1
Dolly de Leon,Aftersun,2
Dolly de Leon,All of Us Strangers,3
Dolly de Leon,All Quiet on the Western Front,4
Dolly de Leon,Anora,5
Dolly de Leon,Children of Men,6
Dolly de Leon,Close,7
Dolly de Leon,Dunkirk,8
Dolly de Leon,Eternal Sunshine of the Spotless Mind,9
Dolly de Leon,Little Miss Sunshine,10
Lesley Manville,A Bigger Splash,1
Lesley Manville,Amour,2
Lesley Manville,Biutiful,3
Lesley Manville,Boyhood,4
Lesley Manville,Inside Llewyn Davis,5
Lesley Manville,Lost in Translation,6
Lesley Manville,Punch-Drunk Love,7
Lesley Manville,Roma,8
Lesley Manville,There Will Be Blood,9
Lesley Manville,To Be and to Have,10
Brit Marling,Caché,1
Brit Marling,Fish Tank,2
Brit Marling,"Hale County This Morning, This Evening",3
Brit Marling,Mulholland Drive,4
Brit Marling,Phantom Thread,5
Brit Marling,Portrait of a Lady on Fire,6
Brit Marling,The Boy and the Heron,7
Brit Marling,The Secret in Their Eyes,8
Brit Marling,Volver,9
Brit Marling,Yi Yi,10
Rob Marshall,A Separation,1
Rob Marshall,All Quiet on the Western Front,2
Rob Marshall,Catch Me If You Can,3
Rob Marshall,Dunkirk,4
Rob Marshall,Finding Nemo,5
Rob Marshall,I'm Still Here,6
Rob Marshall,Midnight in Paris,7
Rob Marshall,Milk,8
Rob Marshall,Something's Gotta Give,9
Rob Marshall,Spotlight,10
Bill Mechanic,Black Panther,1
Bill Mechanic,"Crouching Tiger, Hidden Dragon",2
Bill Mechanic,Gladiator,3
Bill Mechanic,Mulholland Drive,4
Bill Mechanic,No Country for Old Men,5
Bill Mechanic,Oppenheimer,6
Bill Mechanic,The Dark Knight,7
Bill Mechanic,The Departed,8
Bill Mechanic,The Incredibles,9
Bill Mechanic,The Lord of the Rings: The Fellowship of the Ring,10
Erik Messerschmidt,Amour,1
Erik Messerschmidt,Children of Men,2
Erik Messerschmidt,Force Majeure,3
Erik Messerschmidt,"I, Daniel Blake",4
Erik Messerschmidt,No Country for Old Men,5
Erik Messerschmidt,Parasite,6
Erik Messerschmidt,Senna,7
Erik Messerschmidt,Triangle of Sadness,8
Erik Messerschmidt,Up,9
Erik Messerschmidt,Zodiac,10
Arian Moayed,A Separation,1
Arian Moayed,Children of Men,2
Arian Moayed,Interstellar,3
Arian Moayed,Kill Bill: Vol. 1,4
Arian Moayed,Michael Clayton,5
Arian Moayed,Moonlight,6
Arian Moayed,No Country for Old Men,7
Arian Moayed,The Act of Killing,8
Arian Moayed,Toy Story 3,9
Arian Moayed,Whale Rider,10
Michael Moses,A.I. Artificial Intelligence,1
Michael Moses,Bridesmaids,2
Michael Moses,Get Out,3
Michael Moses,Lost in Translation,4
Michael Moses,Moulin Rouge!,5
Michael Moses,Mulholland Drive,6
Michael Moses,Oppenheimer,7
Michael Moses,The New World,8
Michael Moses,There Will Be Blood,9
Michael Moses,Zodiac,10
Cristian Mungiu,A Separation,1
Cristian Mungiu,A Serious Man,2
Cristian Mungiu,Burning,3
Cristian Mungiu,Dogville,4
Cristian Mungiu,Drive My Car,5
Cristian Mungiu,In the Mood for Love,6
Cristian Mungiu,Mulholland Drive,7
Cristian Mungiu,Pacifiction,8
Cristian Mungiu,Parasite,9
Cristian Mungiu,To Be and to Have,10
Joseph Patel,24 Hour Party People,1
Joseph Patel,Amélie,2
Joseph Patel,Children of Men,3
Joseph Patel,City of God,4
Joseph Patel,I Am Not Your Negro,5
Joseph Patel,In the Mood for Love,6
Joseph Patel,Metallica: Some Kind of Monster,7
Joseph Patel,Moonlight,8
Joseph Patel,Phantom Thread,9
Joseph Patel,"Summer of Soul (...Or, When the Revolution Could Not Be Televised)",10
Justin Peck,Boyhood,1
Justin Peck,Chicago,2
Justin Peck,Get Out,3
Justin Peck,Her,4
Justin Peck,Lost in Translation,5
Justin Peck,Moonlight,6
Justin Peck,Pina,7
Justin Peck,Roma,8
Justin Peck,The Florida Project,9
Justin Peck,There Will Be Blood,10
Christian Petzold,A Prophet,1
Christian Petzold,Burning,2
Christian Petzold,First Reformed,3
Christian Petzold,Howl's Moving Castle,4
Christian Petzold,Mulholland Drive,5
Christian Petzold,Once Upon a Time in Anatolia,6
Christian Petzold,"Oslo, August 31st",7
Christian Petzold,The Son,8
Christian Petzold,The White Ribbon,9
Christian Petzold,Trouble Every Day,10
Michael Philippou,Amores Perros,1
Michael Philippou,Boy,2
Michael Philippou,Inglourious Basterds,3
Michael Philippou,Interstellar,4
Michael Philippou,Let the Right One In,5
Michael Philippou,Memories of Murder,6
Michael Philippou,Pan's Labyrinth,7
Michael Philippou,The Return,8
Michael Philippou,There Will Be Blood,9
Michael Philippou,You Won't Be Alone,10
Corneliu Porumboiu,Aurora,1
Corneliu Porumboiu,Enter the Void,2
Corneliu Porumboiu,Megalopolis,3
Corneliu Porumboiu,Melancholia,4
Corneliu Porumboiu,Memories of Murder,5
Corneliu Porumboiu,Mulholland Drive,6
Corneliu Porumboiu,No Country for Old Men,7
Corneliu Porumboiu,Nobody’s Hero,8
Corneliu Porumboiu,The Irishman,9
Corneliu Porumboiu,Us,10
Gina Prince-Bythewood,12 Years a Slave,1
Gina Prince-Bythewood,Avatar,2
Gina Prince-Bythewood,Black Panther,3
Gina Prince-Bythewood,Bridesmaids,4
Gina Prince-Bythewood,Get Out,5
Gina Prince-Bythewood,Man on Fire,6
Gina Prince-Bythewood,Moonlight,7
Gina Prince-Bythewood,Slumdog Millionaire,8
Gina Prince-Bythewood,The Hurt Locker,9
Gina Prince-Bythewood,Time,10
Tom Quinn,Amélie,1
Tom Quinn,Darwin's Nightmare,2
Tom Quinn,Gomorrah,3
Tom Quinn,Man on Wire,4
Tom Quinn,Mulholland Drive,5
Tom Quinn,Oldboy,6
Tom Quinn,Parasite,7
Tom Quinn,Portrait of a Lady on Fire,8
Tom Quinn,Spring Breakers,9
Tom Quinn,There Will Be Blood,10
Mohammad Rasoulof,"4 Months, 3 Weeks and 2 Days",1
Mohammad Rasoulof,Bad ma ra khahad bord,2
Mohammad Rasoulof,"I, Daniel Blake",3
Mohammad Rasoulof,Nomadland,4
Mohammad Rasoulof,Searching for Sugar Man,5
Mohammad Rasoulof,Songs from the Second Floor,6
Mohammad Rasoulof,The Act of Killing,7
Mohammad Rasoulof,The Hunt,8
Mohammad Rasoulof,The Square,9
Mohammad Rasoulof,The White Ribbon,10
Halina Reijn,Birth,1
Halina Reijn,Her,2
Halina Reijn,In the Mood for Love,3
Halina Reijn,Lost in Translation,4
Halina Reijn,Moonlight,5
Halina Reijn,Mulholland Drive,6
Halina Reijn,The Piano Teacher,7
Halina Reijn,The Rider,8
Halina Reijn,The Zone of Interest,9
Simon Rich,28 Days Later,1
Simon Rich,A Serious Man,2
Simon Rich,Beau Is Afraid,3
Simon Rich,Jojo Rabbit,4
Simon Rich,Let the Right One In,5
Simon Rich,Once Upon a Time... in Hollywood,6
Simon Rich,Speak No Evil,7
Simon Rich,The Art of Self-Defense,8
Simon Rich,The Babadook,9
Simon Rich,Thelma,10
Phoebe Robinson,Bridesmaids,1
Phoebe Robinson,Brokeback Mountain,2
Phoebe Robinson,Children of Men,3
Phoebe Robinson,Get Out,4
Phoebe Robinson,In the Mood for Love,5
Phoebe Robinson,Kill Bill: Vol. 1,6
Phoebe Robinson,Lost in Translation,7
Phoebe Robinson,Love &amp; Basketball,8
Phoebe Robinson,The Dark Knight,9
Phoebe Robinson,WALL·E,10
Eric Roth,A Separation,1
Eric Roth,City of God,2
Eric Roth,In the Mood for Love,3
Eric Roth,Munich,4
Eric Roth,No Country for Old Men,5
Eric Roth,Superbad,6
Eric Roth,The Act of Killing,7
Eric Roth,The Great Beauty,8
Eric Roth,The Social Network,9
Eric Roth,The Wolf of Wall Street,10
Geoffrey Rush,Across the Universe,1
Geoffrey Rush,Close,2
Geoffrey Rush,First Cow,3
Geoffrey Rush,Mulholland Drive,4
Geoffrey Rush,Nitram,5
Geoffrey Rush,On Body and Soul,6
Geoffrey Rush,Roma,7
Geoffrey Rush,Spirited Away,8
Geoffrey Rush,There Will Be Blood,9
Geoffrey Rush,Victoria,10
Taylor Russell,45 Years,1
Taylor Russell,Holy Motors,2
Taylor Russell,In the Mood for Love,3
Taylor Russell,Incendies,4
Taylor Russell,Memoria,5
Taylor Russell,Ponyo,6
Taylor Russell,Shoplifters,7
Taylor Russell,Talk to Her,8
Taylor Russell,The Eight Mountains,9
Taylor Russell,Under the Skin,10
Will Sharpe,Anatomy of a Fall,1
Will Sharpe,Holy Motors,2
Will Sharpe,Leviathan,3
Will Sharpe,Mulholland Drive,4
Will Sharpe,Mustang,5
Will Sharpe,Nobody Knows,6
Will Sharpe,Nostalgia for the Light,7
Will Sharpe,Spirited Away,8
Will Sharpe,The Master,9
Will Sharpe,The Taste of Tea,10
Ali Siddiq,A Man Called Otto,1
Ali Siddiq,Bad Boys II,2
Ali Siddiq,Cast Away,3
Ali Siddiq,Iron Man,4
Ali Siddiq,Road to Perdition,5
Ali Siddiq,Talk to Me,6
Ali Siddiq,The Equalizer,7
Ali Siddiq,The Pursuit of Happyness,8
Ali Siddiq,The Six Triple Eight,9
Gabourey Sidibe,Identity,1
Gabourey Sidibe,Pariah,2
Gabourey Sidibe,Seven Psychopaths,3
Gabourey Sidibe,Sinners,4
Gabourey Sidibe,The Color Purple,5
Justice Smith,13th,1
Justice Smith,Everything Everywhere All at Once,2
Justice Smith,Force Majeure,3
Justice Smith,Moonlight,4
Justice Smith,Oldboy,5
Justice Smith,Parasite,6
Justice Smith,Poor Things,7
Justice Smith,Spirited Away,8
Justice Smith,Tangerine,9
Justice Smith,The Piano Teacher,10
Cailee Spaeny,All the Beauty and the Bloodshed,1
Cailee Spaeny,Almost Famous,2
Cailee Spaeny,Anatomy of a Fall,3
Cailee Spaeny,Ex Machina,4
Cailee Spaeny,La Chimera,5
Cailee Spaeny,Lost in Translation,6
Cailee Spaeny,Moonlight,7
Cailee Spaeny,Parasite,8
Cailee Spaeny,Phantom Thread,9
Cailee Spaeny,Spirited Away,10
June Squibb,Amour,1
June Squibb,"Crouching Tiger, Hidden Dragon",2
June Squibb,Lost in Translation,3
June Squibb,Nebraska,4
June Squibb,No Country for Old Men,5
June Squibb,Once Upon a Time... in Hollywood,6
June Squibb,The Grand Budapest Hotel,7
June Squibb,The Hurt Locker,8
June Squibb,There Will Be Blood,9
June Squibb,Wicked Little Letters,10
Joachim Trier,Aftersun,1
Joachim Trier,Ida,2
Joachim Trier,Mulholland Drive,3
Joachim Trier,One Fine Morning,4
Joachim Trier,Petite Maman,5
Joachim Trier,Phantom Thread,6
Joachim Trier,Spirited Away,7
Joachim Trier,The Piano Teacher,8
Joachim Trier,The Royal Tenenbaums,9
Joachim Trier,The Tree of Life,10
Jodie Turner-Smith,Black Panther,1
Jodie Turner-Smith,Get Out,2
Jodie Turner-Smith,Incendies,3
Jodie Turner-Smith,Moonlight,4
Jodie Turner-Smith,Parasite,5
Jodie Turner-Smith,Queen & Slim,6
Jodie Turner-Smith,Requiem for a Dream,7
Jodie Turner-Smith,Shame,8
Jodie Turner-Smith,Spirited Away,9
Jodie Turner-Smith,The Handmaiden,10
Lulu Wang,Aruitemo aruitemo,1
Lulu Wang,Before Sunset,2
Lulu Wang,Birth,3
Lulu Wang,Border,4
Lulu Wang,Force Majeure,5
Lulu Wang,Girlhood,6
Lulu Wang,Mother,7
Lulu Wang,The Hunt,8
Lulu Wang,Toni Erdmann,9
Lulu Wang,Y tu mamá también,10
Samara Weaving,1917,1
Samara Weaving,Amélie,2
Samara Weaving,Boiling Point,3
Samara Weaving,Dogtooth,4
Samara Weaving,In Bruges,5
Samara Weaving,No Country for Old Men,6
Samara Weaving,Pirates of the Caribbean: Dead Man's Chest,7
Samara Weaving,Superbad,8
Samara Weaving,The Hurt Locker,9
Samara Weaving,The Social Network,10
Shea Whigham,Brokeback Mountain,1
Shea Whigham,Dark Night,2
Shea Whigham,Hell or High Water,3
Shea Whigham,In Bruges,4
Shea Whigham,No Country for Old Men,5
Shea Whigham,Superbad,6
Shea Whigham,The Brutalist,7
Shea Whigham,The Place Beyond the Pines,8
Shea Whigham,There Will Be Blood,9
Shea Whigham,Zodiac,10
Lana Wilson,45 Years,1
Lana Wilson,"Like Father, Like Son",2
Lana Wilson,Margaret,3
Lana Wilson,The Child,4
Lana Wilson,The Death of Mr. Lazarescu,5
Lana Wilson,The Man Without a Past,6
Lana Wilson,Toni Erdmann,7
Lana Wilson,Uncle Boonmee Who Can Recall His Past Lives,8
Lana Wilson,Yi Yi,9
Lana Wilson,"You, the Living",10
Alex Winter,Bad Luck Banging or Loony Porn,1
Alex Winter,L'intrus,2
Alex Winter,La ciénaga,3
Alex Winter,Mulholland Drive,4
Alex Winter,No Bears,5
Alex Winter,Oldboy,6
Alex Winter,Saint Omer,7
Alex Winter,Shoplifters,8
Alex Winter,The Gleaners &amp; I,9
Alex Winter,The Tree of Life,10
Joe Wright,Drive My Car,1
Joe Wright,Her,2
Joe Wright,Mulholland Drive,3
Joe Wright,Once Upon a Time... in Hollywood,4
Joe Wright,Roma,5
Joe Wright,Superbad,6
Joe Wright,The Handmaiden,7
Joe Wright,The Man Who Wasn't There,8
Joe Wright,The Social Network,9
Joe Wright,The Wolf of Wall Street by,10